{
  "timestamp": "20251222_181124",
  "best_score": 0.31409194282001296,
  "best_params": {
    "colsample_bytree": 0.8404460046972835,
    "gamma": 0.35403628889802274,
    "learning_rate": 0.013911053916202464,
    "max_depth": 4,
    "min_child_weight": 8,
    "n_estimators": 393,
    "reg_alpha": 0.0007787658410143283,
    "reg_lambda": 1.984423118582435,
    "subsample": 0.8469926038510867
  },
  "note": "RandomizedSearchCV with StratifiedKFold CV"
}